timestamp,session_id,prompt
"2026-05-30T22:52:37.7560306+02:00","7185cd64-4346-49c2-be3a-3897a8a42585","end session"
"2026-05-30T22:53:46.2480572+02:00","f0882cd4-c81d-4d26-8dd1-9aafcc5a9e4a","read but_first_read**"
"2026-05-30T22:57:39.4952995+02:00","f0882cd4-c81d-4d26-8dd1-9aafcc5a9e4a","update the instructions"
"2026-05-30T22:58:32.9978131+02:00","f0882cd4-c81d-4d26-8dd1-9aafcc5a9e4a","I want to build an app that organizes the priorities of a set of tasks. Each tasks are broken down into 5-7 milestones. Each milestones explains the relevance to the tasks. It will be used my anyone who wants to accomplish 3 thing every week. Stack: Python backend (FastAPI), React frontend. Don't write any code yet. Ask me any clarifying questions, then propose a project structure and a step-by-step build plan."
"2026-05-30T23:07:02.1053121+02:00","f0882cd4-c81d-4d26-8dd1-9aafcc5a9e4a","questions. give me a detailed explanation of the proposed scoring formula"
"2026-05-30T23:09:19.2483337+02:00","f0882cd4-c81d-4d26-8dd1-9aafcc5a9e4a","ok I understand now. THis is good. save in PLAN.md"
"2026-05-30T23:22:59.0580850+02:00","f0882cd4-c81d-4d26-8dd1-9aafcc5a9e4a","let's init CLAUDE.md file"
"2026-05-30T23:41:58.2834030+02:00","f0882cd4-c81d-4d26-8dd1-9aafcc5a9e4a","end session"
"2026-05-31T14:43:56.8003686+02:00","6c91bc0d-60a6-41e3-a4f6-19d5e107f39e","read buy first_Read_This_claude.md"
"2026-05-31T14:44:59.9330434+02:00","6c91bc0d-60a6-41e3-a4f6-19d5e107f39e","create a script that will run both backend and frontend."
"2026-05-31T14:47:38.9539269+02:00","6c91bc0d-60a6-41e3-a4f6-19d5e107f39e","I want to access the DB outside the application. I am new to python. what is the creds for the DB or where can I find it?"
"2026-05-31T14:51:54.4498552+02:00","6c91bc0d-60a6-41e3-a4f6-19d5e107f39e","I can swap the db later if I decide to go for mysql, right?"
"2026-05-31T14:53:05.5289976+02:00","6c91bc0d-60a6-41e3-a4f6-19d5e107f39e","No, that was just a question. Let's continue. What's the next task accoridng to the plan?"
"2026-05-31T14:54:54.4160484+02:00","6c91bc0d-60a6-41e3-a4f6-19d5e107f39e","Let's work on putting this in github"
"2026-05-31T14:57:18.4642520+02:00","6c91bc0d-60a6-41e3-a4f6-19d5e107f39e","prompt history is not updated?"
"2026-05-31T15:27:03.6715771+02:00","6c91bc0d-60a6-41e3-a4f6-19d5e107f39e","<task-notification>
<task-id>b3uuk29zm</task-id>
<tool-use-id>toolu_01TSKb16Swm1bLhfEKisy2PH</tool-use-id>
<output-file>C:\Users\Anton\AppData\Local\Temp\claude\D--ai-personal-projects-task-puncher\6c91bc0d-60a6-41e3-a4f6-19d5e107f39e\tasks\b3uuk29zm.output</output-file>
<status>completed</status>
<summary>Background command ""Install GitHub CLI via winget"" completed (exit code 0)</summary>
</task-notification>"
"2026-05-31T15:38:45.7798244+02:00","6c91bc0d-60a6-41e3-a4f6-19d5e107f39e"," done"
"2026-05-31T15:40:21.7406464+02:00","6c91bc0d-60a6-41e3-a4f6-19d5e107f39e","commit the updated prompt_history.csv"
"2026-05-31T15:41:10.0757757+02:00","6c91bc0d-60a6-41e3-a4f6-19d5e107f39e","Tell me the next set of task for this project"
"2026-05-31T16:18:14.7835559+02:00","6c91bc0d-60a6-41e3-a4f6-19d5e107f39e","I am seeing an internal error 500 error message in the screen"
"2026-05-31T16:27:30.9349831+02:00","6c91bc0d-60a6-41e3-a4f6-19d5e107f39e","500 was happening when it first loaded from opening a first browser"
"2026-05-31T16:28:51.4651927+02:00","6c91bc0d-60a6-41e3-a4f6-19d5e107f39e","I think we can let go of this for now"
"2026-05-31T16:29:21.3005997+02:00","6c91bc0d-60a6-41e3-a4f6-19d5e107f39e","WHat's the next task?"
"2026-05-31T16:32:20.6124245+02:00","6c91bc0d-60a6-41e3-a4f6-19d5e107f39e","Did all of this. Everything seemed okay."
"2026-05-31T16:33:18.8175711+02:00","6c91bc0d-60a6-41e3-a4f6-19d5e107f39e","No. I want to make improvements in the UI/UX"
"2026-05-31T19:49:06.0343518+02:00","6c91bc0d-60a6-41e3-a4f6-19d5e107f39e","reverted previous changes"
"2026-05-31T19:58:18.8252286+02:00","6c91bc0d-60a6-41e3-a4f6-19d5e107f39e","Yes, revert please."
"2026-05-31T20:00:14.4303252+02:00","6c91bc0d-60a6-41e3-a4f6-19d5e107f39e","Let's go to plan mode."
"2026-05-31T20:07:31.0502025+02:00","6c91bc0d-60a6-41e3-a4f6-19d5e107f39e","Ôùç ultraplan
Starting Claude Code on the webÔÇª"
"2026-05-31T20:07:34.2840138+02:00","6c91bc0d-60a6-41e3-a4f6-19d5e107f39e","Ôùç ultraplan ┬À Monitor progress in Claude Code on the web https://claude.ai/code/session_01Uye9aJgjZkTgPx5wUjfahL?from=cli
You can continue working ÔÇö when the Ôùç fills, press Ôåô to view results"
"2026-05-31T20:09:13.6507312+02:00","6c91bc0d-60a6-41e3-a4f6-19d5e107f39e","Ôùå ultraplan ready ┬À https://claude.ai/code/session_01Uye9aJgjZkTgPx5wUjfahL?from=cli
Press Ôåô to view results"
"2026-05-31T20:09:13.9835812+02:00","6c91bc0d-60a6-41e3-a4f6-19d5e107f39e","The remote ultraplan session produced a plan and is waiting for approval. Tell the user to open https://claude.ai/code/session_01Uye9aJgjZkTgPx5wUjfahL?from=cli to review it."
"2026-05-31T20:09:56.9509612+02:00","6c91bc0d-60a6-41e3-a4f6-19d5e107f39e","Ultraplan approved ÔÇö executing in Claude Code on the web. Follow along at: https://claude.ai/code/session_01Uye9aJgjZkTgPx5wUjfahL?from=cli

Results will land as a pull request when the remote session finishes. There is nothing to do here."
"2026-05-31T20:11:54.7744623+02:00","6c91bc0d-60a6-41e3-a4f6-19d5e107f39e","Question. I'm new to ultra plan mode. Would this channel be sync with the ultrplan mode?"
"2026-05-31T20:54:11.3841657+02:00","6c91bc0d-60a6-41e3-a4f6-19d5e107f39e","okay. I cancelled w/e stuff is in the ultra plan mode. I wanna come back in this prompt. I am too noob for plan mode for now. Let's work on the current plan but first read but but_first_read*/md"
"2026-05-31T21:29:04.3764162+02:00","6c91bc0d-60a6-41e3-a4f6-19d5e107f39e","merged PR #1, continue with TP-002"
"2026-05-31T21:33:02.2055794+02:00","6c91bc0d-60a6-41e3-a4f6-19d5e107f39e","Merged. Continue to the next task"
"2026-05-31T21:49:16.2387705+02:00","6c91bc0d-60a6-41e3-a4f6-19d5e107f39e","FIX THIS bug:"
"2026-05-31T21:49:25.6608506+02:00","6c91bc0d-60a6-41e3-a4f6-19d5e107f39e","9:48:37 PM [vite] http proxy error: /api/tasks/2
AggregateError [ECONNREFUSED]:
    at internalConnectMultiple (node:net:1134:18)
    at afterConnectMultiple (node:net:1715:7)"
"2026-05-31T21:51:05.9573358+02:00","6c91bc0d-60a6-41e3-a4f6-19d5e107f39e","Add TP-006 to the backlog"
"2026-05-31T21:51:48.3489958+02:00","6c91bc0d-60a6-41e3-a4f6-19d5e107f39e","merged PR #2, continue with TP-003"
"2026-05-31T21:58:09.7499446+02:00","6c91bc0d-60a6-41e3-a4f6-19d5e107f39e","end session for now."
"2026-06-01T09:12:32.0663930+02:00","0eafdceb-9530-44e1-9ba2-6873f167fdca","read but_first_read*"
"2026-06-01T09:18:07.9125565+02:00","0eafdceb-9530-44e1-9ba2-6873f167fdca","I like how you organized that, rewrite but_first_read_this_claude.md like that. Then, rename the file whats_up_claude.md"
"2026-06-01T09:32:41.6524822+02:00","0eafdceb-9530-44e1-9ba2-6873f167fdca","let's make sure no sensitive creds are committed into github. can you verify that? Then add BACKLOG.md into the branch. Commit/push everything. Thanks."
"2026-06-01T09:38:45.7161598+02:00","0eafdceb-9530-44e1-9ba2-6873f167fdca","Thanks. Let's do some AI agentic work here. Guide me how to create an agent that will perform code reviews."
"2026-06-01T09:59:33.8812454+02:00","0eafdceb-9530-44e1-9ba2-6873f167fdca","hmm let's run this agent went a PR is created, and comment into the PR itself."
"2026-06-01T10:07:57.8835812+02:00","0eafdceb-9530-44e1-9ba2-6873f167fdca","hmmm I do not want to put my anthrophic key in github.com, least for now. Can I still create a PR locally?"
"2026-06-01T10:21:50.9910793+02:00","0eafdceb-9530-44e1-9ba2-6873f167fdca","PR already exists, and I already merged it. But I still want to test this out. Let's do this. Let's make a quick UI change, add the current date next to ALL TASKS with day of the week and timezone of the browser. Do the usual ticket, etc. etc."
"2026-06-01T10:47:10.2230781+02:00","0eafdceb-9530-44e1-9ba2-6873f167fdca","(c) leave it open"
"2026-06-01T10:48:39.8697569+02:00","0eafdceb-9530-44e1-9ba2-6873f167fdca","restart the session so code-reviewer agent loads"
"2026-06-01T10:50:19.1040174+02:00","373c712a-5b96-4a06-80f4-66fc0026306a","read whats_up_claude"
"2026-06-01T10:53:09.2710355+02:00","373c712a-5b96-4a06-80f4-66fc0026306a","work on UX incremenets. Make the date time stamp bigger the same size as ""ALL TASKS"" It should be visible. Make it shiny loud so it can be easily seen. Next task. Create some mock data in the database. make the score random and add milestones. GO!"
"2026-06-01T11:04:29.2165402+02:00","373c712a-5b96-4a06-80f4-66fc0026306a","rebase them clean onto main and open the PRs"
"2026-06-01T11:22:37.5858116+02:00","373c712a-5b96-4a06-80f4-66fc0026306a","Fix conflict in the current PR task_puncher/pull/8"
"2026-06-01T11:34:14.9598426+02:00","373c712a-5b96-4a06-80f4-66fc0026306a","There are no PRs pending."
"2026-06-01T11:37:25.3852944+02:00","373c712a-5b96-4a06-80f4-66fc0026306a","what's going on with PLAN.md and BACKLOG.md"
"2026-06-01T11:44:19.5484845+02:00","373c712a-5b96-4a06-80f4-66fc0026306a","is my code-reviewer agent still runs?"
"2026-06-01T11:47:32.4931216+02:00","373c712a-5b96-4a06-80f4-66fc0026306a","I want it to perform code reviews after a PR is created. LOCALLY. I do not want my Anthropic key in Github. Can we do that?"
"2026-06-01T11:52:30.2582908+02:00","373c712a-5b96-4a06-80f4-66fc0026306a","So if I do a gh pr create in another terminal will my current code-reviewer agent trigger?"
"2026-06-01T11:56:36.7532463+02:00","373c712a-5b96-4a06-80f4-66fc0026306a","hmmm. let's do this. a PR created via gh pr create during a Claude Code session."
